{
  "detected_language": "english",
  "segments": [
    {
      "avg_logprob": -0.21550476891653877,
      "compression_ratio": 1.4343434343434343,
      "end": 15.76,
      "id": 0,
      "no_speech_prob": 0.09982781857252121,
      "seek": 0,
      "start": 0,
      "temperature": 0,
      "text": " are weary long is the way and the mountains are wide soon will the twilight blow the moonlit and dreary over the bath of the poor orphan child",
      "tokens": [
        50365,
        366,
        47853,
        938,
        307,
        264,
        636,
        293,
        264,
        10233,
        366,
        4874,
        2321,
        486,
        264,
        683,
        27797,
        6327,
        264,
        7135,
        23062,
        293,
        22540,
        822,
        670,
        264,
        6079,
        295,
        264,
        4716,
        28711,
        1440,
        51153
      ]
    },
    {
      "avg_logprob": -0.2508494059244792,
      "compression_ratio": 1.5402298850574712,
      "end": 25.98,
      "id": 1,
      "no_speech_prob": 0.0021994225680828094,
      "seek": 1576,
      "start": 15.76,
      "temperature": 0.4,
      "text": " why did they send me so far and so lowly up where the moss-spread and grave-rock are piled",
      "tokens": [
        50365,
        983,
        630,
        436,
        2845,
        385,
        370,
        1400,
        293,
        370,
        2295,
        356,
        493,
        689,
        264,
        36193,
        12,
        4952,
        2538,
        293,
        12525,
        12,
        17799,
        366,
        6429,
        292,
        50876
      ]
    },
    {
      "avg_logprob": -0.2508494059244792,
      "compression_ratio": 1.5402298850574712,
      "end": 36.84,
      "id": 2,
      "no_speech_prob": 0.0021994225680828094,
      "seek": 1576,
      "start": 25.98,
      "temperature": 0.4,
      "text": " men are hard-hearted and kind angels only watch o'er the steps of a poor orphan child",
      "tokens": [
        50876,
        1706,
        366,
        1152,
        12,
        25471,
        293,
        733,
        18175,
        787,
        1159,
        277,
        6,
        260,
        264,
        4439,
        295,
        257,
        4716,
        28711,
        1440,
        51419
      ]
    },
    {
      "avg_logprob": -0.2508494059244792,
      "compression_ratio": 1.5402298850574712,
      "end": 45.48,
      "id": 3,
      "no_speech_prob": 0.0021994225680828094,
      "seek": 1576,
      "start": 36.84,
      "temperature": 0.4,
      "text": " yet distant and soft the night breeze is blowing clouds there are none and clear stars",
      "tokens": [
        51419,
        1939,
        17275,
        293,
        2787,
        264,
        1818,
        24532,
        307,
        15068,
        12193,
        456,
        366,
        6022,
        293,
        1850,
        6105,
        51851
      ]
    },
    {
      "avg_logprob": -0.2508494059244792,
      "compression_ratio": 1.5402298850574712,
      "end": 45.74,
      "id": 4,
      "no_speech_prob": 0.0021994225680828094,
      "seek": 1576,
      "start": 45.48,
      "temperature": 0.4,
      "text": " beam",
      "tokens": [
        51851,
        14269,
        51864
      ]
    },
    {
      "avg_logprob": -0.19431663814343905,
      "compression_ratio": 1.1527777777777777,
      "end": 54.980000000000004,
      "id": 5,
      "no_speech_prob": 0.0035841024946421385,
      "seek": 4574,
      "start": 45.74,
      "temperature": 0,
      "text": " my god in his mercy protection is showing comfort and hope to the poor orphan child",
      "tokens": [
        50365,
        452,
        3044,
        294,
        702,
        13174,
        6334,
        307,
        4099,
        3400,
        293,
        1454,
        281,
        264,
        4716,
        28711,
        1440,
        50827
      ]
    }
  ],
  "transcription": " are weary long is the way and the mountains are wide soon will the twilight blow the moonlit and dreary over the bath of the poor orphan child why did they send me so far and so lowly up where the moss-spread and grave-rock are piled men are hard-hearted and kind angels only watch o'er the steps of a poor orphan child yet distant and soft the night breeze is blowing clouds there are none and clear stars beam my god in his mercy protection is showing comfort and hope to the poor orphan child",
  "translation": null
}